total_revenue,revenue_per_contact,acceptance_rate,roi
1150.4970547228693,11.504970547228693,0.6320554518466313,11.504970547228693
