total_revenue,revenue_per_contact,acceptance_rate,roi
1504.269733094866,15.042697330948661,0.7031020877257914,15.042697330948661
