total_revenue,revenue_per_contact,acceptance_rate,roi
610.8747581353316,6.108747581353316,0.7517152478359389,6.108747581353316
