total_revenue,revenue_per_contact,acceptance_rate,roi
629.64705666595,6.2964705666595,0.7181987288700278,6.2964705666595
