total_revenue,revenue_per_contact,acceptance_rate,roi
1414.491404073081,14.144914040730809,0.6849580931680744,14.144914040730809
