total_revenue,revenue_per_contact,acceptance_rate,roi
1093.381347879245,10.93381347879245,0.6178485744367479,10.93381347879245
