total_revenue,revenue_per_contact,acceptance_rate,roi
1541.5826379209757,15.415826379209756,0.7400897674623133,15.415826379209756
