total_revenue,revenue_per_contact,acceptance_rate,roi
1548.2224708978333,15.482224708978332,0.7474719787265969,15.482224708978332
