total_revenue,revenue_per_contact,acceptance_rate,roi
693.6239916958714,6.936239916958714,0.7953304343348371,6.936239916958714
